{
  "SchemaVersion": "1.0",
  "GeneratedAt": "2025-12-31T07:45:33.6515113-07:00",
  "RootPath": "C:\\Users\\Werem\\Projects\\StateTrace",
  "SummaryPath": "C:\\Users\\Werem\\Projects\\StateTrace\\Logs\\Reports\\RoutingDiff\\RoutingDiff-ST-A-029-20251230-204658.json",
  "OutputZipPath": "C:\\Users\\Werem\\Projects\\StateTrace\\Logs\\Reports\\RoutingBundles\\RoutingBundle-ST-A-030-20251231-074532.zip",
  "IncludedFiles": [
    {
      "RelativePath": "Logs\\Reports\\RoutingDiff\\RoutingDiff-ST-A-029-20251230-204658.json",
      "SourcePath": "C:\\Users\\Werem\\Projects\\StateTrace\\Logs\\Reports\\RoutingDiff\\RoutingDiff-ST-A-029-20251230-204658.json",
      "Sha256": "287E46144E8505B4249D049C6895522D150B7FABFBF6427E4DAE16C99067D89C",
      "Bytes": 3383
    },
    {
      "RelativePath": "Tests\\Fixtures\\Routing\\RouteDiff\\RouteHealthSnapshot.old.json",
      "SourcePath": "C:\\Users\\Werem\\Projects\\StateTrace\\Tests\\Fixtures\\Routing\\RouteDiff\\RouteHealthSnapshot.old.json",
      "Sha256": "33FB5D8221E1286ED5B0F0E320132AF6B2115FE000389214E148147A1EAEBF06",
      "Bytes": 407
    },
    {
      "RelativePath": "Tests\\Fixtures\\Routing\\RouteDiff\\RouteHealthSnapshot.new.json",
      "SourcePath": "C:\\Users\\Werem\\Projects\\StateTrace\\Tests\\Fixtures\\Routing\\RouteDiff\\RouteHealthSnapshot.new.json",
      "Sha256": "33EAD7E1BED597CAA299E07FC96FF4D17B30F0D1A980ECD18B7BCD0A7ADEDF0F",
      "Bytes": 402
    }
  ],
  "MissingFiles": [],
  "Warnings": []
}
